[
  {"model":"library.materialcategory","pk":1,"fields":{"name":"Core Material(16mm BWP Ply)","type":"Procurement","icon":"🪵","description":"16mm BWP grade plywood for carcass and shelving","is_active":true,"sort_order":1}},
  {"model":"library.materialcategory","pk":2,"fields":{"name":"Core Material(08mm BWP Ply)","type":"Procurement","icon":"🪵","description":"8mm BWP grade plywood for back panels","is_active":true,"sort_order":2}},
  {"model":"library.materialcategory","pk":3,"fields":{"name":"Core Material(12mm BWP Ply)","type":"Procurement","icon":"🪵","description":"12mm BWP grade plywood for false ceiling","is_active":true,"sort_order":3}},
  {"model":"library.materialcategory","pk":4,"fields":{"name":"Box Hinges","type":"Procurement","icon":"🔩","description":"Cabinet door hinges","is_active":true,"sort_order":4}},
  {"model":"library.materialcategory","pk":5,"fields":{"name":"Draw Channels","type":"Procurement","icon":"🔩","description":"Drawer sliding channels","is_active":true,"sort_order":5}},
  {"model":"library.materialcategory","pk":6,"fields":{"name":"Finishing - Laminate","type":"Procurement","icon":"🎨","description":"Surface laminate finishing","is_active":true,"sort_order":6}},
  {"model":"library.materialcategory","pk":7,"fields":{"name":"Finishing - Veneer","type":"Procurement","icon":"🎨","description":"Natural wood veneer finishing","is_active":true,"sort_order":7}},
  {"model":"library.materialcategory","pk":8,"fields":{"name":"Adhesive(Bonding)","type":"Procurement","icon":"🧴","description":"Adhesives for bonding surfaces","is_active":true,"sort_order":8}},
  {"model":"library.materialcategory","pk":9,"fields":{"name":"Inner Liner","type":"Procurement","icon":"📋","description":"Interior wardrobe/drawer lining","is_active":true,"sort_order":9}},
  {"model":"library.materialcategory","pk":10,"fields":{"name":"Handles/Knobs","type":"Procurement","icon":"🚪","description":"Cabinet handles and knobs","is_active":true,"sort_order":10}},
  {"model":"library.materialcategory","pk":11,"fields":{"name":"Accessories","type":"Procurement","icon":"⚙️","description":"Kitchen and wardrobe accessories","is_active":true,"sort_order":11}},
  {"model":"library.materialcategory","pk":12,"fields":{"name":"Lights","type":"Procurement","icon":"💡","description":"Profile lights, downlights, drivers","is_active":true,"sort_order":12}},
  {"model":"library.materialcategory","pk":13,"fields":{"name":"Other Decoratives","type":"Procurement","icon":"🖼️","description":"Mirrors, beadings, decorative items","is_active":true,"sort_order":13}},
  {"model":"library.materialcategory","pk":14,"fields":{"name":"Glass","type":"Procurement","icon":"🪟","description":"Glass panels and partitions","is_active":true,"sort_order":14}},
  {"model":"library.materialcategory","pk":15,"fields":{"name":"Polishing","type":"Service","icon":"✨","description":"Wood polishing services","is_active":true,"sort_order":15}},
  {"model":"library.materialcategory","pk":16,"fields":{"name":"Painting","type":"Service","icon":"🖌️","description":"Wall and ceiling painting","is_active":true,"sort_order":16}},
  {"model":"library.materialcategory","pk":17,"fields":{"name":"Electrical","type":"Service","icon":"⚡","description":"Electrical wiring and installation","is_active":true,"sort_order":17}},
  {"model":"library.materialcategory","pk":18,"fields":{"name":"False Ceiling","type":"Service","icon":"🏗️","description":"Gypsum and wooden false ceiling","is_active":true,"sort_order":18}},
  {"model":"library.materialcategory","pk":19,"fields":{"name":"Carpentry - Box","type":"Service","icon":"🔨","description":"Box-type furniture carpentry","is_active":true,"sort_order":19}},
  {"model":"library.materialcategory","pk":20,"fields":{"name":"Carpentry - Panel","type":"Service","icon":"🔨","description":"Panel-type carpentry work","is_active":true,"sort_order":20}},

  {"model":"library.materialbrand","pk":1,"fields":{"category":1,"name":"Austin","is_active":true}},
  {"model":"library.materialbrand","pk":2,"fields":{"category":2,"name":"Austin","is_active":true}},
  {"model":"library.materialbrand","pk":3,"fields":{"category":3,"name":"Austin","is_active":true}},
  {"model":"library.materialbrand","pk":4,"fields":{"category":4,"name":"Hettich","is_active":true}},
  {"model":"library.materialbrand","pk":5,"fields":{"category":5,"name":"Hettich","is_active":true}},
  {"model":"library.materialbrand","pk":6,"fields":{"category":6,"name":"Greenlam","is_active":true}},
  {"model":"library.materialbrand","pk":7,"fields":{"category":6,"name":"Merino","is_active":true}},
  {"model":"library.materialbrand","pk":8,"fields":{"category":8,"name":"Fevicol","is_active":true}},
  {"model":"library.materialbrand","pk":9,"fields":{"category":10,"name":"Generic","is_active":true}},
  {"model":"library.materialbrand","pk":10,"fields":{"category":11,"name":"Hettich","is_active":true}},
  {"model":"library.materialbrand","pk":11,"fields":{"category":11,"name":"Godrej","is_active":true}},
  {"model":"library.materialbrand","pk":12,"fields":{"category":11,"name":"Sincore","is_active":true}},
  {"model":"library.materialbrand","pk":13,"fields":{"category":11,"name":"Ebco","is_active":true}},
  {"model":"library.materialbrand","pk":14,"fields":{"category":12,"name":"Alt","is_active":true}},
  {"model":"library.materialbrand","pk":15,"fields":{"category":14,"name":"Saint Gobain","is_active":true}},
  {"model":"library.materialbrand","pk":16,"fields":{"category":16,"name":"Asian Paints","is_active":true}},
  {"model":"library.materialbrand","pk":17,"fields":{"category":17,"name":"Finolex","is_active":true}},
  {"model":"library.materialbrand","pk":18,"fields":{"category":6,"name":"Acrylic","is_active":true}},

  {"model":"library.materialitem","pk":1,"fields":{"brand":1,"model_name":"Lincoln BWP","default_unit":"sheets","default_rate":2800,"gst_pct":18,"margin_pct":35,"is_active":true,"notes":"Standard 16mm BWP grade"}},
  {"model":"library.materialitem","pk":2,"fields":{"brand":2,"model_name":"Lincoln BWP","default_unit":"sheets","default_rate":1800,"gst_pct":18,"margin_pct":35,"is_active":true,"notes":"Standard 8mm BWP grade"}},
  {"model":"library.materialitem","pk":3,"fields":{"brand":3,"model_name":"Lincoln BWP","default_unit":"sheets","default_rate":2400,"gst_pct":18,"margin_pct":35,"is_active":true,"notes":"Standard 12mm BWP grade"}},
  {"model":"library.materialitem","pk":4,"fields":{"brand":4,"model_name":"Onsys - 0 Crank Soft Close","default_unit":"sets","default_rate":450,"gst_pct":18,"margin_pct":35,"is_active":true,"notes":"0 Crank soft close hinges"}},
  {"model":"library.materialitem","pk":5,"fields":{"brand":5,"model_name":"Quadro - 18\" Soft Close","default_unit":"sets","default_rate":1200,"gst_pct":18,"margin_pct":35,"is_active":true,"notes":"18 inch soft close drawer channels"}},
  {"model":"library.materialitem","pk":6,"fields":{"brand":6,"model_name":"Off white","default_unit":"sheets","default_rate":1100,"gst_pct":18,"margin_pct":35,"is_active":true,"notes":"Standard off white laminate"}},
  {"model":"library.materialitem","pk":7,"fields":{"brand":6,"model_name":"Wooden Laminate","default_unit":"sheets","default_rate":1400,"gst_pct":18,"margin_pct":35,"is_active":true,"notes":"Wood grain pattern"}},
  {"model":"library.materialitem","pk":8,"fields":{"brand":8,"model_name":"Hi-Per","default_unit":"kg","default_rate":280,"gst_pct":18,"margin_pct":35,"is_active":true,"notes":"High performance adhesive"}},
  {"model":"library.materialitem","pk":9,"fields":{"brand":9,"model_name":"Foldable Handles INR 200","default_unit":"nos","default_rate":200,"gst_pct":18,"margin_pct":35,"is_active":true}},
  {"model":"library.materialitem","pk":10,"fields":{"brand":9,"model_name":"Handles INR 1000","default_unit":"nos","default_rate":1000,"gst_pct":18,"margin_pct":35,"is_active":true}},
  {"model":"library.materialitem","pk":11,"fields":{"brand":10,"model_name":"Architech 4\" Tandem basket","default_unit":"nos","default_rate":3500,"gst_pct":18,"margin_pct":35,"is_active":true}},
  {"model":"library.materialitem","pk":12,"fields":{"brand":10,"model_name":"Cutlery Tray","default_unit":"nos","default_rate":1800,"gst_pct":18,"margin_pct":35,"is_active":true}},
  {"model":"library.materialitem","pk":13,"fields":{"brand":11,"model_name":"Nuovo - Draw locks 25mm","default_unit":"nos","default_rate":650,"gst_pct":18,"margin_pct":35,"is_active":true}},
  {"model":"library.materialitem","pk":14,"fields":{"brand":12,"model_name":"Sink and Tap upto INR 35000","default_unit":"nos","default_rate":35000,"gst_pct":18,"margin_pct":35,"is_active":true}},
  {"model":"library.materialitem","pk":15,"fields":{"brand":14,"model_name":"Profile Light","default_unit":"rft","default_rate":120,"gst_pct":18,"margin_pct":35,"is_active":true}},
  {"model":"library.materialitem","pk":16,"fields":{"brand":14,"model_name":"5 amp driver With Sensors","default_unit":"nos","default_rate":2500,"gst_pct":18,"margin_pct":35,"is_active":true}},
  {"model":"library.materialitem","pk":17,"fields":{"brand":14,"model_name":"Down lights","default_unit":"nos","default_rate":850,"gst_pct":18,"margin_pct":35,"is_active":true}},
  {"model":"library.materialitem","pk":18,"fields":{"brand":18,"model_name":"RM 6104 Fern","default_unit":"sheets","default_rate":2200,"gst_pct":18,"margin_pct":35,"is_active":true,"notes":"Acrylic finish laminate"}},
  {"model":"library.materialitem","pk":19,"fields":{"brand":13,"model_name":"Aluminium Cabinet edge + Matt Black Gola Profile","default_unit":"rft","default_rate":180,"gst_pct":18,"margin_pct":35,"is_active":true}},

  {"model":"library.serviceitem","pk":1,"fields":{"name":"Box Carpentry","category":"Carpentry","sub_type":"Box","default_unit":"sft","default_rate":25,"gst_pct":18,"margin_pct":35,"is_active":true}},
  {"model":"library.serviceitem","pk":2,"fields":{"name":"Panel Carpentry","category":"Carpentry","sub_type":"Panel","default_unit":"sft","default_rate":18,"gst_pct":18,"margin_pct":35,"is_active":true}},
  {"model":"library.serviceitem","pk":3,"fields":{"name":"Electrical Works","category":"Electrical","sub_type":"","default_unit":"points","default_rate":450,"gst_pct":18,"margin_pct":35,"is_active":true}},
  {"model":"library.serviceitem","pk":4,"fields":{"name":"Plain False Ceiling","category":"False Ceiling","sub_type":"Gypsum","default_unit":"sft","default_rate":33,"gst_pct":18,"margin_pct":35,"is_active":true}},
  {"model":"library.serviceitem","pk":5,"fields":{"name":"Ceiling Paint - Premium Emulsion","category":"Painting","sub_type":"Ceiling","default_unit":"sft","default_rate":40,"gst_pct":18,"margin_pct":35,"is_active":true}},
  {"model":"library.serviceitem","pk":6,"fields":{"name":"Wall Paint - Premium Emulsion","category":"Painting","sub_type":"Walls","default_unit":"sft","default_rate":14,"gst_pct":18,"margin_pct":35,"is_active":true}},
  {"model":"library.serviceitem","pk":7,"fields":{"name":"Melamine Matt Finish","category":"Polishing","sub_type":"","default_unit":"sft","default_rate":75,"gst_pct":18,"margin_pct":35,"is_active":true}},
  {"model":"library.serviceitem","pk":8,"fields":{"name":"Deep Cleaning","category":"Cleaning","sub_type":"","default_unit":"sft","default_rate":8,"gst_pct":18,"margin_pct":35,"is_active":true}},
  {"model":"library.serviceitem","pk":9,"fields":{"name":"Transport and Hamali","category":"Transport","sub_type":"","default_unit":"trip","default_rate":3000,"gst_pct":18,"margin_pct":35,"is_active":true}},
  {"model":"library.serviceitem","pk":10,"fields":{"name":"Debris Management","category":"Debris","sub_type":"","default_unit":"load","default_rate":2500,"gst_pct":18,"margin_pct":35,"is_active":true}}
]
